Item Identifier,Media Url
162,http://clioimg.hi.u-tokyo.ac.jp/IMG/000/0671/18/13/00000011.jpg
162,http://clioimg.hi.u-tokyo.ac.jp/IMG/000/0671/18/13/00000012.jpg
88,http://clioimg.hi.u-tokyo.ac.jp/IMG/000/0671/18/8/00000033.jpg
176,http://clioimg.hi.u-tokyo.ac.jp/IMG/000/0671/18/14/00000015.jpg
63,http://clioimg.hi.u-tokyo.ac.jp/IMG/000/0671/18/6/00000014.jpg
77,http://clioimg.hi.u-tokyo.ac.jp/IMG/000/0671/18/8/00000004.jpg
189,http://clioimg.hi.u-tokyo.ac.jp/IMG/000/0671/18/14/00000024.jpg
189,http://clioimg.hi.u-tokyo.ac.jp/IMG/000/0671/18/14/00000025.jpg
214,http://clioimg.hi.u-tokyo.ac.jp/IMG/000/0671/18/17/00000004.jpg
200,http://clioimg.hi.u-tokyo.ac.jp/IMG/000/0671/18/15/00000006.jpg
200,http://clioimg.hi.u-tokyo.ac.jp/IMG/000/0671/18/15/00000007.jpg
228,http://clioimg.hi.u-tokyo.ac.jp/IMG/000/0671/18/18/00000015.jpg
228,http://clioimg.hi.u-tokyo.ac.jp/IMG/000/0671/18/18/00000016.jpg
228,http://clioimg.hi.u-tokyo.ac.jp/IMG/000/0671/18/18/00000017.jpg
229,http://clioimg.hi.u-tokyo.ac.jp/IMG/000/0671/18/18/00000018.jpg
201,http://clioimg.hi.u-tokyo.ac.jp/IMG/000/0671/18/15/00000011.jpg
201,http://clioimg.hi.u-tokyo.ac.jp/IMG/000/0671/18/15/00000012.jpg
215,http://clioimg.hi.u-tokyo.ac.jp/IMG/000/0671/18/17/00000005.jpg
215,http://clioimg.hi.u-tokyo.ac.jp/IMG/000/0671/18/17/00000006.jpg
76,http://clioimg.hi.u-tokyo.ac.jp/IMG/000/0671/18/8/00000003.jpg
188,http://clioimg.hi.u-tokyo.ac.jp/IMG/000/0671/18/14/00000022.jpg
188,http://clioimg.hi.u-tokyo.ac.jp/IMG/000/0671/18/14/00000023.jpg
62,http://clioimg.hi.u-tokyo.ac.jp/IMG/000/0671/18/6/00000013.jpg
89,http://clioimg.hi.u-tokyo.ac.jp/IMG/000/0671/18/8/00000034.jpg
177,http://clioimg.hi.u-tokyo.ac.jp/IMG/000/0671/18/14/00000015.jpg
163,http://clioimg.hi.u-tokyo.ac.jp/IMG/000/0671/18/13/00000013.jpg
163,http://clioimg.hi.u-tokyo.ac.jp/IMG/000/0671/18/13/00000014.jpg
163,http://clioimg.hi.u-tokyo.ac.jp/IMG/000/0671/18/13/00000015.jpg
175,http://clioimg.hi.u-tokyo.ac.jp/IMG/000/0671/18/14/00000015.jpg
161,http://clioimg.hi.u-tokyo.ac.jp/IMG/000/0671/18/13/00000009.jpg
161,http://clioimg.hi.u-tokyo.ac.jp/IMG/000/0671/18/13/00000010.jpg
149,http://clioimg.hi.u-tokyo.ac.jp/IMG/000/0671/18/12/00000009.jpg
74,http://clioimg.hi.u-tokyo.ac.jp/IMG/000/0671/18/7/00000020.jpg
74,http://clioimg.hi.u-tokyo.ac.jp/IMG/000/0671/18/7/00000021.jpg
74,http://clioimg.hi.u-tokyo.ac.jp/IMG/000/0671/18/7/00000022.jpg
74,http://clioimg.hi.u-tokyo.ac.jp/IMG/000/0671/18/7/00000023.jpg
74,http://clioimg.hi.u-tokyo.ac.jp/IMG/000/0671/18/7/00000024.jpg
74,http://clioimg.hi.u-tokyo.ac.jp/IMG/000/0671/18/7/00000025.jpg
74,http://clioimg.hi.u-tokyo.ac.jp/IMG/000/0671/18/7/00000026.jpg
74,http://clioimg.hi.u-tokyo.ac.jp/IMG/000/0671/18/7/00000027.jpg
74,http://clioimg.hi.u-tokyo.ac.jp/IMG/000/0671/18/7/00000028.jpg
74,http://clioimg.hi.u-tokyo.ac.jp/IMG/000/0671/18/7/00000029.jpg
60,http://clioimg.hi.u-tokyo.ac.jp/IMG/000/0671/18/6/00000011.jpg
203,http://clioimg.hi.u-tokyo.ac.jp/IMG/000/0671/18/15/00000015.jpg
203,http://clioimg.hi.u-tokyo.ac.jp/IMG/000/0671/18/15/00000016.jpg
217,http://clioimg.hi.u-tokyo.ac.jp/IMG/000/0671/18/17/00000008.jpg
216,http://clioimg.hi.u-tokyo.ac.jp/IMG/000/0671/18/17/00000007.jpg
202,http://clioimg.hi.u-tokyo.ac.jp/IMG/000/0671/18/15/00000013.jpg
202,http://clioimg.hi.u-tokyo.ac.jp/IMG/000/0671/18/15/00000014.jpg
61,http://clioimg.hi.u-tokyo.ac.jp/IMG/000/0671/18/6/00000012.jpg
75,http://clioimg.hi.u-tokyo.ac.jp/IMG/000/0671/18/7/00000030.jpg
75,http://clioimg.hi.u-tokyo.ac.jp/IMG/000/0671/18/7/00000031.jpg
75,http://clioimg.hi.u-tokyo.ac.jp/IMG/000/0671/18/7/00000032.jpg
75,http://clioimg.hi.u-tokyo.ac.jp/IMG/000/0671/18/7/00000033.jpg
75,http://clioimg.hi.u-tokyo.ac.jp/IMG/000/0671/18/7/00000034.jpg
49,http://clioimg.hi.u-tokyo.ac.jp/IMG/000/0671/18/5/00000011.jpg
49,http://clioimg.hi.u-tokyo.ac.jp/IMG/000/0671/18/5/00000012.jpg
49,http://clioimg.hi.u-tokyo.ac.jp/IMG/000/0671/18/5/00000013.jpg
49,http://clioimg.hi.u-tokyo.ac.jp/IMG/000/0671/18/5/00000014.jpg
148,http://clioimg.hi.u-tokyo.ac.jp/IMG/000/0671/18/12/00000007.jpg
148,http://clioimg.hi.u-tokyo.ac.jp/IMG/000/0671/18/12/00000008.jpg
160,http://clioimg.hi.u-tokyo.ac.jp/IMG/000/0671/18/13/00000008.jpg
174,http://clioimg.hi.u-tokyo.ac.jp/IMG/000/0671/18/14/00000014.jpg
158,http://clioimg.hi.u-tokyo.ac.jp/IMG/000/0671/18/13/00000003.jpg
158,http://clioimg.hi.u-tokyo.ac.jp/IMG/000/0671/18/13/00000004.jpg
170,http://clioimg.hi.u-tokyo.ac.jp/IMG/000/0671/18/14/00000004.jpg
170,http://clioimg.hi.u-tokyo.ac.jp/IMG/000/0671/18/14/00000005.jpg
170,http://clioimg.hi.u-tokyo.ac.jp/IMG/000/0671/18/14/00000011.jpg
164,http://clioimg.hi.u-tokyo.ac.jp/IMG/000/0671/18/13/00000016.jpg
164,http://clioimg.hi.u-tokyo.ac.jp/IMG/000/0671/18/13/00000017.jpg
164,http://clioimg.hi.u-tokyo.ac.jp/IMG/000/0671/18/13/00000018.jpg
71,http://clioimg.hi.u-tokyo.ac.jp/IMG/000/0671/18/7/00000003.jpg
71,http://clioimg.hi.u-tokyo.ac.jp/IMG/000/0671/18/7/00000004.jpg
71,http://clioimg.hi.u-tokyo.ac.jp/IMG/000/0671/18/7/00000005.jpg
71,http://clioimg.hi.u-tokyo.ac.jp/IMG/000/0671/18/7/00000006.jpg
71,http://clioimg.hi.u-tokyo.ac.jp/IMG/000/0671/18/7/00000007.jpg
71,http://clioimg.hi.u-tokyo.ac.jp/IMG/000/0671/18/7/00000008.jpg
65,http://clioimg.hi.u-tokyo.ac.jp/IMG/000/0671/18/6/00000016.jpg
59,http://clioimg.hi.u-tokyo.ac.jp/IMG/000/0671/18/6/00000010.jpg
206,http://clioimg.hi.u-tokyo.ac.jp/IMG/000/0671/18/15/00000021.jpg
212,http://clioimg.hi.u-tokyo.ac.jp/IMG/000/0671/18/15/00000026.jpg
207,http://clioimg.hi.u-tokyo.ac.jp/IMG/000/0671/18/15/00000022.jpg
58,http://clioimg.hi.u-tokyo.ac.jp/IMG/000/0671/18/6/00000009.jpg
64,http://clioimg.hi.u-tokyo.ac.jp/IMG/000/0671/18/6/00000015.jpg
70,http://clioimg.hi.u-tokyo.ac.jp/IMG/000/0671/18/6/00000022.jpg
165,http://clioimg.hi.u-tokyo.ac.jp/IMG/000/0671/18/13/00000019.jpg
171,http://clioimg.hi.u-tokyo.ac.jp/IMG/000/0671/18/14/00000006.jpg
171,http://clioimg.hi.u-tokyo.ac.jp/IMG/000/0671/18/14/00000007.jpg
159,http://clioimg.hi.u-tokyo.ac.jp/IMG/000/0671/18/13/00000007.jpg
99,http://clioimg.hi.u-tokyo.ac.jp/IMG/000/0671/18/9/00000015.jpg
99,http://clioimg.hi.u-tokyo.ac.jp/IMG/000/0671/18/9/00000016.jpg
99,http://clioimg.hi.u-tokyo.ac.jp/IMG/000/0671/18/9/00000017.jpg
99,http://clioimg.hi.u-tokyo.ac.jp/IMG/000/0671/18/9/00000018.jpg
167,http://clioimg.hi.u-tokyo.ac.jp/IMG/000/0671/18/13/00000021.jpg
173,http://clioimg.hi.u-tokyo.ac.jp/IMG/000/0671/18/14/00000012.jpg
173,http://clioimg.hi.u-tokyo.ac.jp/IMG/000/0671/18/14/00000013.jpg
66,http://clioimg.hi.u-tokyo.ac.jp/IMG/000/0671/18/6/00000017.jpg
66,http://clioimg.hi.u-tokyo.ac.jp/IMG/000/0671/18/6/00000018.jpg
198,http://clioimg.hi.u-tokyo.ac.jp/IMG/000/0671/18/15/00000003.jpg
198,http://clioimg.hi.u-tokyo.ac.jp/IMG/000/0671/18/15/00000008.jpg
198,http://clioimg.hi.u-tokyo.ac.jp/IMG/000/0671/18/15/00000009.jpg
198,http://clioimg.hi.u-tokyo.ac.jp/IMG/000/0671/18/15/00000010.jpg
72,http://clioimg.hi.u-tokyo.ac.jp/IMG/000/0671/18/7/00000009.jpg
72,http://clioimg.hi.u-tokyo.ac.jp/IMG/000/0671/18/7/00000010.jpg
72,http://clioimg.hi.u-tokyo.ac.jp/IMG/000/0671/18/7/00000011.jpg
72,http://clioimg.hi.u-tokyo.ac.jp/IMG/000/0671/18/7/00000012.jpg
72,http://clioimg.hi.u-tokyo.ac.jp/IMG/000/0671/18/7/00000013.jpg
72,http://clioimg.hi.u-tokyo.ac.jp/IMG/000/0671/18/7/00000014.jpg
8,http://clioimg.hi.u-tokyo.ac.jp/IMG/000/0671/18/1/00000009.jpg
239,http://clioimg.hi.u-tokyo.ac.jp/IMG/000/0671/18/21/00000001.jpg
239,http://clioimg.hi.u-tokyo.ac.jp/IMG/000/0671/18/21/00000002.jpg
239,http://clioimg.hi.u-tokyo.ac.jp/IMG/000/0671/18/21/00000003.jpg
239,http://clioimg.hi.u-tokyo.ac.jp/IMG/000/0671/18/21/00000004.jpg
239,http://clioimg.hi.u-tokyo.ac.jp/IMG/000/0671/18/21/00000005.jpg
239,http://clioimg.hi.u-tokyo.ac.jp/IMG/000/0671/18/21/00000006.jpg
239,http://clioimg.hi.u-tokyo.ac.jp/IMG/000/0671/18/21/00000007.jpg
239,http://clioimg.hi.u-tokyo.ac.jp/IMG/000/0671/18/21/00000008.jpg
239,http://clioimg.hi.u-tokyo.ac.jp/IMG/000/0671/18/21/00000009.jpg
239,http://clioimg.hi.u-tokyo.ac.jp/IMG/000/0671/18/21/00000010.jpg
239,http://clioimg.hi.u-tokyo.ac.jp/IMG/000/0671/18/21/00000011.jpg
239,http://clioimg.hi.u-tokyo.ac.jp/IMG/000/0671/18/21/00000012.jpg
239,http://clioimg.hi.u-tokyo.ac.jp/IMG/000/0671/18/21/00000013.jpg
239,http://clioimg.hi.u-tokyo.ac.jp/IMG/000/0671/18/21/00000014.jpg
239,http://clioimg.hi.u-tokyo.ac.jp/IMG/000/0671/18/21/00000015.jpg
239,http://clioimg.hi.u-tokyo.ac.jp/IMG/000/0671/18/21/00000016.jpg
239,http://clioimg.hi.u-tokyo.ac.jp/IMG/000/0671/18/21/00000017.jpg
239,http://clioimg.hi.u-tokyo.ac.jp/IMG/000/0671/18/21/00000018.jpg
239,http://clioimg.hi.u-tokyo.ac.jp/IMG/000/0671/18/21/00000019.jpg
239,http://clioimg.hi.u-tokyo.ac.jp/IMG/000/0671/18/21/00000020.jpg
239,http://clioimg.hi.u-tokyo.ac.jp/IMG/000/0671/18/21/00000021.jpg
239,http://clioimg.hi.u-tokyo.ac.jp/IMG/000/0671/18/21/00000022.jpg
239,http://clioimg.hi.u-tokyo.ac.jp/IMG/000/0671/18/21/00000023.jpg
211,http://clioimg.hi.u-tokyo.ac.jp/IMG/000/0671/18/15/00000025.jpg
205,http://clioimg.hi.u-tokyo.ac.jp/IMG/000/0671/18/15/00000019.jpg
205,http://clioimg.hi.u-tokyo.ac.jp/IMG/000/0671/18/15/00000020.jpg
204,http://clioimg.hi.u-tokyo.ac.jp/IMG/000/0671/18/15/00000017.jpg
204,http://clioimg.hi.u-tokyo.ac.jp/IMG/000/0671/18/15/00000018.jpg
210,http://clioimg.hi.u-tokyo.ac.jp/IMG/000/0671/18/15/00000024.jpg
238,http://clioimg.hi.u-tokyo.ac.jp/IMG/000/0671/18/20/00000001.jpg
238,http://clioimg.hi.u-tokyo.ac.jp/IMG/000/0671/18/20/00000002.jpg
238,http://clioimg.hi.u-tokyo.ac.jp/IMG/000/0671/18/20/00000003.jpg
238,http://clioimg.hi.u-tokyo.ac.jp/IMG/000/0671/18/20/00000004.jpg
238,http://clioimg.hi.u-tokyo.ac.jp/IMG/000/0671/18/20/00000005.jpg
238,http://clioimg.hi.u-tokyo.ac.jp/IMG/000/0671/18/20/00000006.jpg
238,http://clioimg.hi.u-tokyo.ac.jp/IMG/000/0671/18/20/00000007.jpg
238,http://clioimg.hi.u-tokyo.ac.jp/IMG/000/0671/18/20/00000008.jpg
238,http://clioimg.hi.u-tokyo.ac.jp/IMG/000/0671/18/20/00000009.jpg
238,http://clioimg.hi.u-tokyo.ac.jp/IMG/000/0671/18/20/00000010.jpg
238,http://clioimg.hi.u-tokyo.ac.jp/IMG/000/0671/18/20/00000011.jpg
238,http://clioimg.hi.u-tokyo.ac.jp/IMG/000/0671/18/20/00000012.jpg
238,http://clioimg.hi.u-tokyo.ac.jp/IMG/000/0671/18/20/00000013.jpg
238,http://clioimg.hi.u-tokyo.ac.jp/IMG/000/0671/18/20/00000014.jpg
238,http://clioimg.hi.u-tokyo.ac.jp/IMG/000/0671/18/20/00000015.jpg
238,http://clioimg.hi.u-tokyo.ac.jp/IMG/000/0671/18/20/00000016.jpg
238,http://clioimg.hi.u-tokyo.ac.jp/IMG/000/0671/18/20/00000017.jpg
238,http://clioimg.hi.u-tokyo.ac.jp/IMG/000/0671/18/20/00000018.jpg
238,http://clioimg.hi.u-tokyo.ac.jp/IMG/000/0671/18/20/00000019.jpg
238,http://clioimg.hi.u-tokyo.ac.jp/IMG/000/0671/18/20/00000020.jpg
238,http://clioimg.hi.u-tokyo.ac.jp/IMG/000/0671/18/20/00000021.jpg
238,http://clioimg.hi.u-tokyo.ac.jp/IMG/000/0671/18/20/00000022.jpg
238,http://clioimg.hi.u-tokyo.ac.jp/IMG/000/0671/18/20/00000023.jpg
238,http://clioimg.hi.u-tokyo.ac.jp/IMG/000/0671/18/20/00000024.jpg
238,http://clioimg.hi.u-tokyo.ac.jp/IMG/000/0671/18/20/00000025.jpg
238,http://clioimg.hi.u-tokyo.ac.jp/IMG/000/0671/18/20/00000026.jpg
238,http://clioimg.hi.u-tokyo.ac.jp/IMG/000/0671/18/20/00000027.jpg
238,http://clioimg.hi.u-tokyo.ac.jp/IMG/000/0671/18/20/00000028.jpg
238,http://clioimg.hi.u-tokyo.ac.jp/IMG/000/0671/18/20/00000029.jpg
238,http://clioimg.hi.u-tokyo.ac.jp/IMG/000/0671/18/20/00000030.jpg
238,http://clioimg.hi.u-tokyo.ac.jp/IMG/000/0671/18/20/00000031.jpg
238,http://clioimg.hi.u-tokyo.ac.jp/IMG/000/0671/18/20/00000032.jpg
9,http://clioimg.hi.u-tokyo.ac.jp/IMG/000/0671/18/1/00000010.jpg
73,http://clioimg.hi.u-tokyo.ac.jp/IMG/000/0671/18/7/00000015.jpg
73,http://clioimg.hi.u-tokyo.ac.jp/IMG/000/0671/18/7/00000016.jpg
73,http://clioimg.hi.u-tokyo.ac.jp/IMG/000/0671/18/7/00000017.jpg
73,http://clioimg.hi.u-tokyo.ac.jp/IMG/000/0671/18/7/00000018.jpg
73,http://clioimg.hi.u-tokyo.ac.jp/IMG/000/0671/18/7/00000019.jpg
67,http://clioimg.hi.u-tokyo.ac.jp/IMG/000/0671/18/6/00000019.jpg
67,http://clioimg.hi.u-tokyo.ac.jp/IMG/000/0671/18/6/00000023.jpg
199,http://clioimg.hi.u-tokyo.ac.jp/IMG/000/0671/18/15/00000004.jpg
199,http://clioimg.hi.u-tokyo.ac.jp/IMG/000/0671/18/15/00000005.jpg
172,http://clioimg.hi.u-tokyo.ac.jp/IMG/000/0671/18/14/00000008.jpg
172,http://clioimg.hi.u-tokyo.ac.jp/IMG/000/0671/18/14/00000009.jpg
172,http://clioimg.hi.u-tokyo.ac.jp/IMG/000/0671/18/14/00000010.jpg
98,http://clioimg.hi.u-tokyo.ac.jp/IMG/000/0671/18/9/00000008.jpg
98,http://clioimg.hi.u-tokyo.ac.jp/IMG/000/0671/18/9/00000009.jpg
98,http://clioimg.hi.u-tokyo.ac.jp/IMG/000/0671/18/9/00000010.jpg
98,http://clioimg.hi.u-tokyo.ac.jp/IMG/000/0671/18/9/00000011.jpg
98,http://clioimg.hi.u-tokyo.ac.jp/IMG/000/0671/18/9/00000012.jpg
98,http://clioimg.hi.u-tokyo.ac.jp/IMG/000/0671/18/9/00000013.jpg
98,http://clioimg.hi.u-tokyo.ac.jp/IMG/000/0671/18/9/00000014.jpg
166,http://clioimg.hi.u-tokyo.ac.jp/IMG/000/0671/18/13/00000020.jpg
101,http://clioimg.hi.u-tokyo.ac.jp/IMG/000/0671/18/10/00000004.jpg
115,http://clioimg.hi.u-tokyo.ac.jp/IMG/000/0671/18/10/00000028.jpg
129,http://clioimg.hi.u-tokyo.ac.jp/IMG/000/0671/18/11/00000013.jpg
28,http://clioimg.hi.u-tokyo.ac.jp/IMG/000/0671/18/4/00000005.jpg
14,http://clioimg.hi.u-tokyo.ac.jp/IMG/000/0671/18/2/00000006.jpg
15,http://clioimg.hi.u-tokyo.ac.jp/IMG/000/0671/18/2/00000007.jpg
29,http://clioimg.hi.u-tokyo.ac.jp/IMG/000/0671/18/4/00000006.jpg
128,http://clioimg.hi.u-tokyo.ac.jp/IMG/000/0671/18/11/00000012.jpg
114,http://clioimg.hi.u-tokyo.ac.jp/IMG/000/0671/18/10/00000026.jpg
114,http://clioimg.hi.u-tokyo.ac.jp/IMG/000/0671/18/10/00000027.jpg
100,http://clioimg.hi.u-tokyo.ac.jp/IMG/000/0671/18/10/00000003.jpg
116,http://clioimg.hi.u-tokyo.ac.jp/IMG/000/0671/18/10/00000029.jpg
102,http://clioimg.hi.u-tokyo.ac.jp/IMG/000/0671/18/10/00000005.jpg
17,http://clioimg.hi.u-tokyo.ac.jp/IMG/000/0671/18/3/00000003.jpg
16,http://clioimg.hi.u-tokyo.ac.jp/IMG/000/0671/18/2/00000008.jpg
16,http://clioimg.hi.u-tokyo.ac.jp/IMG/000/0671/18/2/00000009.jpg
103,http://clioimg.hi.u-tokyo.ac.jp/IMG/000/0671/18/10/00000006.jpg
117,http://clioimg.hi.u-tokyo.ac.jp/IMG/000/0671/18/10/00000030.jpg
113,http://clioimg.hi.u-tokyo.ac.jp/IMG/000/0671/18/10/00000024.jpg
113,http://clioimg.hi.u-tokyo.ac.jp/IMG/000/0671/18/10/00000025.jpg
107,http://clioimg.hi.u-tokyo.ac.jp/IMG/000/0671/18/10/00000017.jpg
107,http://clioimg.hi.u-tokyo.ac.jp/IMG/000/0671/18/10/00000018.jpg
12,http://clioimg.hi.u-tokyo.ac.jp/IMG/000/0671/18/2/00000004.jpg
13,http://clioimg.hi.u-tokyo.ac.jp/IMG/000/0671/18/2/00000005.jpg
106,http://clioimg.hi.u-tokyo.ac.jp/IMG/000/0671/18/10/00000015.jpg
106,http://clioimg.hi.u-tokyo.ac.jp/IMG/000/0671/18/10/00000016.jpg
112,http://clioimg.hi.u-tokyo.ac.jp/IMG/000/0671/18/10/00000023.jpg
138,http://clioimg.hi.u-tokyo.ac.jp/IMG/000/0671/18/11/00000026.jpg
138,http://clioimg.hi.u-tokyo.ac.jp/IMG/000/0671/18/11/00000027.jpg
104,http://clioimg.hi.u-tokyo.ac.jp/IMG/000/0671/18/10/00000007.jpg
110,http://clioimg.hi.u-tokyo.ac.jp/IMG/000/0671/18/10/00000021.jpg
11,http://clioimg.hi.u-tokyo.ac.jp/IMG/000/0671/18/2/00000003.jpg
39,http://clioimg.hi.u-tokyo.ac.jp/IMG/000/0671/18/4/00000022.jpg
39,http://clioimg.hi.u-tokyo.ac.jp/IMG/000/0671/18/4/00000023.jpg
38,http://clioimg.hi.u-tokyo.ac.jp/IMG/000/0671/18/4/00000019.jpg
38,http://clioimg.hi.u-tokyo.ac.jp/IMG/000/0671/18/4/00000020.jpg
38,http://clioimg.hi.u-tokyo.ac.jp/IMG/000/0671/18/4/00000021.jpg
10,http://clioimg.hi.u-tokyo.ac.jp/IMG/000/0671/18/1/00000011.jpg
111,http://clioimg.hi.u-tokyo.ac.jp/IMG/000/0671/18/10/00000022.jpg
105,http://clioimg.hi.u-tokyo.ac.jp/IMG/000/0671/18/10/00000008.jpg
105,http://clioimg.hi.u-tokyo.ac.jp/IMG/000/0671/18/10/00000009.jpg
105,http://clioimg.hi.u-tokyo.ac.jp/IMG/000/0671/18/10/00000010.jpg
105,http://clioimg.hi.u-tokyo.ac.jp/IMG/000/0671/18/10/00000011.jpg
105,http://clioimg.hi.u-tokyo.ac.jp/IMG/000/0671/18/10/00000012.jpg
105,http://clioimg.hi.u-tokyo.ac.jp/IMG/000/0671/18/10/00000013.jpg
105,http://clioimg.hi.u-tokyo.ac.jp/IMG/000/0671/18/10/00000014.jpg
139,http://clioimg.hi.u-tokyo.ac.jp/IMG/000/0671/18/11/00000028.jpg
139,http://clioimg.hi.u-tokyo.ac.jp/IMG/000/0671/18/11/00000029.jpg
120,http://clioimg.hi.u-tokyo.ac.jp/IMG/000/0671/18/10/00000035.jpg
120,http://clioimg.hi.u-tokyo.ac.jp/IMG/000/0671/18/10/00000036.jpg
134,http://clioimg.hi.u-tokyo.ac.jp/IMG/000/0671/18/11/00000022.jpg
108,http://clioimg.hi.u-tokyo.ac.jp/IMG/000/0671/18/10/00000019.jpg
21,http://clioimg.hi.u-tokyo.ac.jp/IMG/000/0671/18/3/00000009.jpg
21,http://clioimg.hi.u-tokyo.ac.jp/IMG/000/0671/18/3/00000010.jpg
35,http://clioimg.hi.u-tokyo.ac.jp/IMG/000/0671/18/4/00000013.jpg
242,http://clioimg.hi.u-tokyo.ac.jp/IMG/000/0671/18/24/00000001.jpg
242,http://clioimg.hi.u-tokyo.ac.jp/IMG/000/0671/18/24/00000002.jpg
242,http://clioimg.hi.u-tokyo.ac.jp/IMG/000/0671/18/24/00000003.jpg
242,http://clioimg.hi.u-tokyo.ac.jp/IMG/000/0671/18/24/00000004.jpg
242,http://clioimg.hi.u-tokyo.ac.jp/IMG/000/0671/18/24/00000005.jpg
242,http://clioimg.hi.u-tokyo.ac.jp/IMG/000/0671/18/24/00000006.jpg
34,http://clioimg.hi.u-tokyo.ac.jp/IMG/000/0671/18/4/00000012.jpg
20,http://clioimg.hi.u-tokyo.ac.jp/IMG/000/0671/18/3/00000007.jpg
20,http://clioimg.hi.u-tokyo.ac.jp/IMG/000/0671/18/3/00000008.jpg
109,http://clioimg.hi.u-tokyo.ac.jp/IMG/000/0671/18/10/00000020.jpg
135,http://clioimg.hi.u-tokyo.ac.jp/IMG/000/0671/18/11/00000023.jpg
121,http://clioimg.hi.u-tokyo.ac.jp/IMG/000/0671/18/10/00000037.jpg
121,http://clioimg.hi.u-tokyo.ac.jp/IMG/000/0671/18/10/00000038.jpg
137,http://clioimg.hi.u-tokyo.ac.jp/IMG/000/0671/18/11/00000025.jpg
123,http://clioimg.hi.u-tokyo.ac.jp/IMG/000/0671/18/11/00000004.jpg
123,http://clioimg.hi.u-tokyo.ac.jp/IMG/000/0671/18/11/00000005.jpg
123,http://clioimg.hi.u-tokyo.ac.jp/IMG/000/0671/18/11/00000006.jpg
36,http://clioimg.hi.u-tokyo.ac.jp/IMG/000/0671/18/4/00000014.jpg
36,http://clioimg.hi.u-tokyo.ac.jp/IMG/000/0671/18/4/00000015.jpg
36,http://clioimg.hi.u-tokyo.ac.jp/IMG/000/0671/18/4/00000016.jpg
22,http://clioimg.hi.u-tokyo.ac.jp/IMG/000/0671/18/3/00000011.jpg
22,http://clioimg.hi.u-tokyo.ac.jp/IMG/000/0671/18/3/00000012.jpg
241,http://clioimg.hi.u-tokyo.ac.jp/IMG/000/0671/18/23/00000001.jpg
241,http://clioimg.hi.u-tokyo.ac.jp/IMG/000/0671/18/23/00000002.jpg
241,http://clioimg.hi.u-tokyo.ac.jp/IMG/000/0671/18/23/00000003.jpg
241,http://clioimg.hi.u-tokyo.ac.jp/IMG/000/0671/18/23/00000004.jpg
241,http://clioimg.hi.u-tokyo.ac.jp/IMG/000/0671/18/23/00000005.jpg
241,http://clioimg.hi.u-tokyo.ac.jp/IMG/000/0671/18/23/00000006.jpg
241,http://clioimg.hi.u-tokyo.ac.jp/IMG/000/0671/18/23/00000007.jpg
241,http://clioimg.hi.u-tokyo.ac.jp/IMG/000/0671/18/23/00000008.jpg
241,http://clioimg.hi.u-tokyo.ac.jp/IMG/000/0671/18/23/00000009.jpg
241,http://clioimg.hi.u-tokyo.ac.jp/IMG/000/0671/18/23/00000010.jpg
241,http://clioimg.hi.u-tokyo.ac.jp/IMG/000/0671/18/23/00000011.jpg
241,http://clioimg.hi.u-tokyo.ac.jp/IMG/000/0671/18/23/00000012.jpg
241,http://clioimg.hi.u-tokyo.ac.jp/IMG/000/0671/18/23/00000013.jpg
241,http://clioimg.hi.u-tokyo.ac.jp/IMG/000/0671/18/23/00000014.jpg
241,http://clioimg.hi.u-tokyo.ac.jp/IMG/000/0671/18/23/00000015.jpg
241,http://clioimg.hi.u-tokyo.ac.jp/IMG/000/0671/18/23/00000016.jpg
241,http://clioimg.hi.u-tokyo.ac.jp/IMG/000/0671/18/23/00000017.jpg
241,http://clioimg.hi.u-tokyo.ac.jp/IMG/000/0671/18/23/00000018.jpg
241,http://clioimg.hi.u-tokyo.ac.jp/IMG/000/0671/18/23/00000019.jpg
241,http://clioimg.hi.u-tokyo.ac.jp/IMG/000/0671/18/23/00000020.jpg
23,http://clioimg.hi.u-tokyo.ac.jp/IMG/000/0671/18/3/00000013.jpg
23,http://clioimg.hi.u-tokyo.ac.jp/IMG/000/0671/18/3/00000014.jpg
23,http://clioimg.hi.u-tokyo.ac.jp/IMG/000/0671/18/3/00000015.jpg
37,http://clioimg.hi.u-tokyo.ac.jp/IMG/000/0671/18/4/00000017.jpg
37,http://clioimg.hi.u-tokyo.ac.jp/IMG/000/0671/18/4/00000018.jpg
122,http://clioimg.hi.u-tokyo.ac.jp/IMG/000/0671/18/11/00000003.jpg
136,http://clioimg.hi.u-tokyo.ac.jp/IMG/000/0671/18/11/00000024.jpg
132,http://clioimg.hi.u-tokyo.ac.jp/IMG/000/0671/18/11/00000020.jpg
126,http://clioimg.hi.u-tokyo.ac.jp/IMG/000/0671/18/11/00000010.jpg
33,http://clioimg.hi.u-tokyo.ac.jp/IMG/000/0671/18/4/00000011.jpg
27,http://clioimg.hi.u-tokyo.ac.jp/IMG/000/0671/18/4/00000003.jpg
27,http://clioimg.hi.u-tokyo.ac.jp/IMG/000/0671/18/4/00000004.jpg
32,http://clioimg.hi.u-tokyo.ac.jp/IMG/000/0671/18/4/00000010.jpg
127,http://clioimg.hi.u-tokyo.ac.jp/IMG/000/0671/18/11/00000011.jpg
133,http://clioimg.hi.u-tokyo.ac.jp/IMG/000/0671/18/11/00000021.jpg
119,http://clioimg.hi.u-tokyo.ac.jp/IMG/000/0671/18/10/00000033.jpg
119,http://clioimg.hi.u-tokyo.ac.jp/IMG/000/0671/18/10/00000034.jpg
125,http://clioimg.hi.u-tokyo.ac.jp/IMG/000/0671/18/11/00000009.jpg
131,http://clioimg.hi.u-tokyo.ac.jp/IMG/000/0671/18/11/00000019.jpg
24,http://clioimg.hi.u-tokyo.ac.jp/IMG/000/0671/18/3/00000016.jpg
30,http://clioimg.hi.u-tokyo.ac.jp/IMG/000/0671/18/4/00000007.jpg
30,http://clioimg.hi.u-tokyo.ac.jp/IMG/000/0671/18/4/00000008.jpg
18,http://clioimg.hi.u-tokyo.ac.jp/IMG/000/0671/18/3/00000004.jpg
19,http://clioimg.hi.u-tokyo.ac.jp/IMG/000/0671/18/3/00000005.jpg
19,http://clioimg.hi.u-tokyo.ac.jp/IMG/000/0671/18/3/00000006.jpg
31,http://clioimg.hi.u-tokyo.ac.jp/IMG/000/0671/18/4/00000009.jpg
25,http://clioimg.hi.u-tokyo.ac.jp/IMG/000/0671/18/3/00000017.jpg
25,http://clioimg.hi.u-tokyo.ac.jp/IMG/000/0671/18/3/00000018.jpg
130,http://clioimg.hi.u-tokyo.ac.jp/IMG/000/0671/18/11/00000014.jpg
130,http://clioimg.hi.u-tokyo.ac.jp/IMG/000/0671/18/11/00000015.jpg
130,http://clioimg.hi.u-tokyo.ac.jp/IMG/000/0671/18/11/00000016.jpg
130,http://clioimg.hi.u-tokyo.ac.jp/IMG/000/0671/18/11/00000017.jpg
130,http://clioimg.hi.u-tokyo.ac.jp/IMG/000/0671/18/13/00000005.jpg
130,http://clioimg.hi.u-tokyo.ac.jp/IMG/000/0671/18/13/00000006.jpg
130,http://clioimg.hi.u-tokyo.ac.jp/IMG/000/0671/18/11/00000018.jpg
124,http://clioimg.hi.u-tokyo.ac.jp/IMG/000/0671/18/11/00000007.jpg
124,http://clioimg.hi.u-tokyo.ac.jp/IMG/000/0671/18/11/00000008.jpg
118,http://clioimg.hi.u-tokyo.ac.jp/IMG/000/0671/18/10/00000031.jpg
118,http://clioimg.hi.u-tokyo.ac.jp/IMG/000/0671/18/10/00000032.jpg
143,http://clioimg.hi.u-tokyo.ac.jp/IMG/000/0671/18/11/00000036.jpg
157,http://clioimg.hi.u-tokyo.ac.jp/IMG/000/0671/18/12/00000019.jpg
81,http://clioimg.hi.u-tokyo.ac.jp/IMG/000/0671/18/8/00000015.jpg
81,http://clioimg.hi.u-tokyo.ac.jp/IMG/000/0671/18/8/00000016.jpg
95,http://clioimg.hi.u-tokyo.ac.jp/IMG/000/0671/18/8/00000040.jpg
180,http://clioimg.hi.u-tokyo.ac.jp/IMG/000/0671/18/14/00000017.jpg
194,http://clioimg.hi.u-tokyo.ac.jp/IMG/000/0671/18/14/00000031.jpg
42,http://clioimg.hi.u-tokyo.ac.jp/IMG/000/0671/18/4/00000027.jpg
42,http://clioimg.hi.u-tokyo.ac.jp/IMG/000/0671/18/4/00000028.jpg
56,http://clioimg.hi.u-tokyo.ac.jp/IMG/000/0671/18/6/00000003.jpg
56,http://clioimg.hi.u-tokyo.ac.jp/IMG/000/0671/18/6/00000004.jpg
56,http://clioimg.hi.u-tokyo.ac.jp/IMG/000/0671/18/6/00000005.jpg
56,http://clioimg.hi.u-tokyo.ac.jp/IMG/000/0671/18/6/00000006.jpg
56,http://clioimg.hi.u-tokyo.ac.jp/IMG/000/0671/18/6/00000007.jpg
4,http://clioimg.hi.u-tokyo.ac.jp/IMG/000/0671/18/1/00000005.jpg
235,http://clioimg.hi.u-tokyo.ac.jp/IMG/000/0671/18/18/00000025.jpg
221,http://clioimg.hi.u-tokyo.ac.jp/IMG/000/0671/18/17/00000013.jpg
209,http://clioimg.hi.u-tokyo.ac.jp/IMG/000/0671/18/15/00000024.jpg
208,http://clioimg.hi.u-tokyo.ac.jp/IMG/000/0671/18/15/00000023.jpg
220,http://clioimg.hi.u-tokyo.ac.jp/IMG/000/0671/18/17/00000011.jpg
220,http://clioimg.hi.u-tokyo.ac.jp/IMG/000/0671/18/17/00000012.jpg
234,http://clioimg.hi.u-tokyo.ac.jp/IMG/000/0671/18/18/00000023.jpg
234,http://clioimg.hi.u-tokyo.ac.jp/IMG/000/0671/18/18/00000024.jpg
57,http://clioimg.hi.u-tokyo.ac.jp/IMG/000/0671/18/6/00000008.jpg
5,http://clioimg.hi.u-tokyo.ac.jp/IMG/000/0671/18/1/00000006.jpg
43,http://clioimg.hi.u-tokyo.ac.jp/IMG/000/0671/18/4/00000029.jpg
195,http://clioimg.hi.u-tokyo.ac.jp/IMG/000/0671/18/14/00000032.jpg
181,http://clioimg.hi.u-tokyo.ac.jp/IMG/000/0671/18/14/00000017.jpg
94,http://clioimg.hi.u-tokyo.ac.jp/IMG/000/0671/18/8/00000039.jpg
80,http://clioimg.hi.u-tokyo.ac.jp/IMG/000/0671/18/8/00000009.jpg
80,http://clioimg.hi.u-tokyo.ac.jp/IMG/000/0671/18/8/00000010.jpg
80,http://clioimg.hi.u-tokyo.ac.jp/IMG/000/0671/18/8/00000011.jpg
80,http://clioimg.hi.u-tokyo.ac.jp/IMG/000/0671/18/8/00000012.jpg
80,http://clioimg.hi.u-tokyo.ac.jp/IMG/000/0671/18/8/00000013.jpg
80,http://clioimg.hi.u-tokyo.ac.jp/IMG/000/0671/18/8/00000014.jpg
156,http://clioimg.hi.u-tokyo.ac.jp/IMG/000/0671/18/12/00000018.jpg
142,http://clioimg.hi.u-tokyo.ac.jp/IMG/000/0671/18/11/00000035.jpg
154,http://clioimg.hi.u-tokyo.ac.jp/IMG/000/0671/18/12/00000016.jpg
140,http://clioimg.hi.u-tokyo.ac.jp/IMG/000/0671/18/11/00000030.jpg
140,http://clioimg.hi.u-tokyo.ac.jp/IMG/000/0671/18/11/00000031.jpg
140,http://clioimg.hi.u-tokyo.ac.jp/IMG/000/0671/18/11/00000032.jpg
168,http://clioimg.hi.u-tokyo.ac.jp/IMG/000/0671/18/13/00000022.jpg
82,http://clioimg.hi.u-tokyo.ac.jp/IMG/000/0671/18/8/00000017.jpg
82,http://clioimg.hi.u-tokyo.ac.jp/IMG/000/0671/18/8/00000018.jpg
82,http://clioimg.hi.u-tokyo.ac.jp/IMG/000/0671/18/8/00000019.jpg
197,http://clioimg.hi.u-tokyo.ac.jp/IMG/000/0671/18/14/00000035.jpg
197,http://clioimg.hi.u-tokyo.ac.jp/IMG/000/0671/18/14/00000036.jpg
69,http://clioimg.hi.u-tokyo.ac.jp/IMG/000/0671/18/6/00000021.jpg
183,http://clioimg.hi.u-tokyo.ac.jp/IMG/000/0671/18/14/00000018.jpg
7,http://clioimg.hi.u-tokyo.ac.jp/IMG/000/0671/18/1/00000008.jpg
55,http://clioimg.hi.u-tokyo.ac.jp/IMG/000/0671/18/5/00000033.jpg
41,http://clioimg.hi.u-tokyo.ac.jp/IMG/000/0671/18/4/00000026.jpg
222,http://clioimg.hi.u-tokyo.ac.jp/IMG/000/0671/18/17/00000014.jpg
222,http://clioimg.hi.u-tokyo.ac.jp/IMG/000/0671/18/17/00000015.jpg
236,http://clioimg.hi.u-tokyo.ac.jp/IMG/000/0671/18/18/00000026.jpg
223,http://clioimg.hi.u-tokyo.ac.jp/IMG/000/0671/18/17/00000016.jpg
40,http://clioimg.hi.u-tokyo.ac.jp/IMG/000/0671/18/4/00000024.jpg
40,http://clioimg.hi.u-tokyo.ac.jp/IMG/000/0671/18/4/00000025.jpg
6,http://clioimg.hi.u-tokyo.ac.jp/IMG/000/0671/18/1/00000007.jpg
182,http://clioimg.hi.u-tokyo.ac.jp/IMG/000/0671/18/14/00000017.jpg
196,http://clioimg.hi.u-tokyo.ac.jp/IMG/000/0671/18/14/00000033.jpg
196,http://clioimg.hi.u-tokyo.ac.jp/IMG/000/0671/18/14/00000034.jpg
68,http://clioimg.hi.u-tokyo.ac.jp/IMG/000/0671/18/6/00000020.jpg
83,http://clioimg.hi.u-tokyo.ac.jp/IMG/000/0671/18/8/00000020.jpg
83,http://clioimg.hi.u-tokyo.ac.jp/IMG/000/0671/18/8/00000021.jpg
83,http://clioimg.hi.u-tokyo.ac.jp/IMG/000/0671/18/8/00000022.jpg
169,http://clioimg.hi.u-tokyo.ac.jp/IMG/000/0671/18/14/00000003.jpg
97,http://clioimg.hi.u-tokyo.ac.jp/IMG/000/0671/18/9/00000007.jpg
141,http://clioimg.hi.u-tokyo.ac.jp/IMG/000/0671/18/11/00000033.jpg
141,http://clioimg.hi.u-tokyo.ac.jp/IMG/000/0671/18/11/00000034.jpg
155,http://clioimg.hi.u-tokyo.ac.jp/IMG/000/0671/18/12/00000017.jpg
93,http://clioimg.hi.u-tokyo.ac.jp/IMG/000/0671/18/8/00000038.jpg
179,http://clioimg.hi.u-tokyo.ac.jp/IMG/000/0671/18/14/00000016.jpg
87,http://clioimg.hi.u-tokyo.ac.jp/IMG/000/0671/18/8/00000031.jpg
87,http://clioimg.hi.u-tokyo.ac.jp/IMG/000/0671/18/8/00000032.jpg
151,http://clioimg.hi.u-tokyo.ac.jp/IMG/000/0671/18/12/00000012.jpg
145,http://clioimg.hi.u-tokyo.ac.jp/IMG/000/0671/18/12/00000004.jpg
2,http://clioimg.hi.u-tokyo.ac.jp/IMG/000/0671/18/1/00000003.jpg
44,http://clioimg.hi.u-tokyo.ac.jp/IMG/000/0671/18/4/00000030.jpg
192,http://clioimg.hi.u-tokyo.ac.jp/IMG/000/0671/18/14/00000028.jpg
186,http://clioimg.hi.u-tokyo.ac.jp/IMG/000/0671/18/14/00000021.jpg
78,http://clioimg.hi.u-tokyo.ac.jp/IMG/000/0671/18/8/00000005.jpg
227,http://clioimg.hi.u-tokyo.ac.jp/IMG/000/0671/18/18/00000008.jpg
227,http://clioimg.hi.u-tokyo.ac.jp/IMG/000/0671/18/18/00000009.jpg
227,http://clioimg.hi.u-tokyo.ac.jp/IMG/000/0671/18/18/00000010.jpg
227,http://clioimg.hi.u-tokyo.ac.jp/IMG/000/0671/18/18/00000011.jpg
227,http://clioimg.hi.u-tokyo.ac.jp/IMG/000/0671/18/18/00000012.jpg
227,http://clioimg.hi.u-tokyo.ac.jp/IMG/000/0671/18/18/00000013.jpg
227,http://clioimg.hi.u-tokyo.ac.jp/IMG/000/0671/18/18/00000014.jpg
233,http://clioimg.hi.u-tokyo.ac.jp/IMG/000/0671/18/18/00000022.jpg
232,http://clioimg.hi.u-tokyo.ac.jp/IMG/000/0671/18/18/00000021.jpg
226,http://clioimg.hi.u-tokyo.ac.jp/IMG/000/0671/18/18/00000003.jpg
226,http://clioimg.hi.u-tokyo.ac.jp/IMG/000/0671/18/18/00000004.jpg
226,http://clioimg.hi.u-tokyo.ac.jp/IMG/000/0671/18/18/00000005.jpg
226,http://clioimg.hi.u-tokyo.ac.jp/IMG/000/0671/18/18/00000006.jpg
226,http://clioimg.hi.u-tokyo.ac.jp/IMG/000/0671/18/18/00000007.jpg
187,http://clioimg.hi.u-tokyo.ac.jp/IMG/000/0671/18/14/00000018.jpg
79,http://clioimg.hi.u-tokyo.ac.jp/IMG/000/0671/18/8/00000006.jpg
79,http://clioimg.hi.u-tokyo.ac.jp/IMG/000/0671/18/8/00000007.jpg
79,http://clioimg.hi.u-tokyo.ac.jp/IMG/000/0671/18/8/00000008.jpg
193,http://clioimg.hi.u-tokyo.ac.jp/IMG/000/0671/18/14/00000029.jpg
193,http://clioimg.hi.u-tokyo.ac.jp/IMG/000/0671/18/14/00000030.jpg
45,http://clioimg.hi.u-tokyo.ac.jp/IMG/000/0671/18/4/00000031.jpg
51,http://clioimg.hi.u-tokyo.ac.jp/IMG/000/0671/18/5/00000017.jpg
3,http://clioimg.hi.u-tokyo.ac.jp/IMG/000/0671/18/1/00000004.jpg
144,http://clioimg.hi.u-tokyo.ac.jp/IMG/000/0671/18/12/00000003.jpg
150,http://clioimg.hi.u-tokyo.ac.jp/IMG/000/0671/18/12/00000010.jpg
150,http://clioimg.hi.u-tokyo.ac.jp/IMG/000/0671/18/12/00000011.jpg
178,http://clioimg.hi.u-tokyo.ac.jp/IMG/000/0671/18/14/00000016.jpg
86,http://clioimg.hi.u-tokyo.ac.jp/IMG/000/0671/18/8/00000029.jpg
86,http://clioimg.hi.u-tokyo.ac.jp/IMG/000/0671/18/8/00000030.jpg
92,http://clioimg.hi.u-tokyo.ac.jp/IMG/000/0671/18/8/00000037.jpg
84,http://clioimg.hi.u-tokyo.ac.jp/IMG/000/0671/18/8/00000023.jpg
84,http://clioimg.hi.u-tokyo.ac.jp/IMG/000/0671/18/8/00000024.jpg
84,http://clioimg.hi.u-tokyo.ac.jp/IMG/000/0671/18/8/00000025.jpg
84,http://clioimg.hi.u-tokyo.ac.jp/IMG/000/0671/18/8/00000026.jpg
90,http://clioimg.hi.u-tokyo.ac.jp/IMG/000/0671/18/8/00000035.jpg
146,http://clioimg.hi.u-tokyo.ac.jp/IMG/000/0671/18/12/00000005.jpg
152,http://clioimg.hi.u-tokyo.ac.jp/IMG/000/0671/18/12/00000013.jpg
152,http://clioimg.hi.u-tokyo.ac.jp/IMG/000/0671/18/12/00000014.jpg
47,http://clioimg.hi.u-tokyo.ac.jp/IMG/000/0671/18/5/00000003.jpg
47,http://clioimg.hi.u-tokyo.ac.jp/IMG/000/0671/18/5/00000004.jpg
47,http://clioimg.hi.u-tokyo.ac.jp/IMG/000/0671/18/5/00000005.jpg
47,http://clioimg.hi.u-tokyo.ac.jp/IMG/000/0671/18/5/00000006.jpg
1,http://clioimg.hi.u-tokyo.ac.jp/IMG/000/0671/18/1/00000002.jpg
53,http://clioimg.hi.u-tokyo.ac.jp/IMG/000/0671/18/5/00000022.jpg
53,http://clioimg.hi.u-tokyo.ac.jp/IMG/000/0671/18/5/00000023.jpg
53,http://clioimg.hi.u-tokyo.ac.jp/IMG/000/0671/18/5/00000024.jpg
53,http://clioimg.hi.u-tokyo.ac.jp/IMG/000/0671/18/5/00000025.jpg
185,http://clioimg.hi.u-tokyo.ac.jp/IMG/000/0671/18/14/00000019.jpg
185,http://clioimg.hi.u-tokyo.ac.jp/IMG/000/0671/18/14/00000020.jpg
191,http://clioimg.hi.u-tokyo.ac.jp/IMG/000/0671/18/14/00000028.jpg
218,http://clioimg.hi.u-tokyo.ac.jp/IMG/000/0671/18/17/00000009.jpg
230,http://clioimg.hi.u-tokyo.ac.jp/IMG/000/0671/18/18/00000019.jpg
224,http://clioimg.hi.u-tokyo.ac.jp/IMG/000/0671/18/17/00000017.jpg
225,http://clioimg.hi.u-tokyo.ac.jp/IMG/000/0671/18/17/00000018.jpg
225,http://clioimg.hi.u-tokyo.ac.jp/IMG/000/0671/18/17/00000019.jpg
231,http://clioimg.hi.u-tokyo.ac.jp/IMG/000/0671/18/18/00000020.jpg
219,http://clioimg.hi.u-tokyo.ac.jp/IMG/000/0671/18/17/00000010.jpg
190,http://clioimg.hi.u-tokyo.ac.jp/IMG/000/0671/18/14/00000026.jpg
190,http://clioimg.hi.u-tokyo.ac.jp/IMG/000/0671/18/14/00000027.jpg
184,http://clioimg.hi.u-tokyo.ac.jp/IMG/000/0671/18/14/00000018.jpg
52,http://clioimg.hi.u-tokyo.ac.jp/IMG/000/0671/18/5/00000020.jpg
52,http://clioimg.hi.u-tokyo.ac.jp/IMG/000/0671/18/5/00000021.jpg
46,http://clioimg.hi.u-tokyo.ac.jp/IMG/000/0671/18/4/00000032.jpg
46,http://clioimg.hi.u-tokyo.ac.jp/IMG/000/0671/18/4/00000033.jpg
153,http://clioimg.hi.u-tokyo.ac.jp/IMG/000/0671/18/12/00000015.jpg
147,http://clioimg.hi.u-tokyo.ac.jp/IMG/000/0671/18/12/00000006.jpg
91,http://clioimg.hi.u-tokyo.ac.jp/IMG/000/0671/18/8/00000036.jpg
85,http://clioimg.hi.u-tokyo.ac.jp/IMG/000/0671/18/8/00000027.jpg
85,http://clioimg.hi.u-tokyo.ac.jp/IMG/000/0671/18/8/00000028.jpg
